City_ID,City,Country,Date,Lat,Lng,Max Temp,Humidity,Cloudiness,Wind Speed
0,Bengkulu,ID,2022-02-10 20:33:44,-3.8004,102.2655,74.91,79,95,5.14
1,Kapaa,US,2022-02-10 20:33:44,22.0752,-159.319,77.47,71,0,3.0
2,Port Alfred,ZA,2022-02-10 20:29:11,-33.5906,26.891,70.92,79,81,7.63
3,Gaspe,CA,2022-02-10 20:33:45,48.8334,-64.4819,34.02,75,100,4.61
4,Cape Town,ZA,2022-02-10 20:31:24,-33.9258,18.4232,68.09,62,0,8.05
5,Vila,PT,2022-02-10 20:33:45,42.0304,-8.1588,46.74,79,69,2.35
6,Atuona,PF,2022-02-10 20:33:46,-9.8,-139.0333,78.57,74,1,16.96
7,Rafaela,AR,2022-02-10 20:30:14,-31.2503,-61.4867,98.01,14,28,5.01
8,Dikson,RU,2022-02-10 20:29:16,73.5069,80.5464,7.29,91,100,27.6
9,New Norfolk,AU,2022-02-10 20:33:46,-42.7826,147.0587,57.76,58,53,2.01
10,Ushuaia,AR,2022-02-10 20:31:37,-54.8,-68.3,49.62,71,75,29.93
11,Bluff,NZ,2022-02-10 20:33:47,-46.6,168.3333,58.8,82,66,12.97
12,Sabratah,LY,2022-02-10 20:33:48,32.7933,12.4885,55.2,62,0,8.9
13,Barrow,US,2022-02-10 20:31:19,71.2906,-156.7887,27.38,62,100,8.05
14,Butaritari,KI,2022-02-10 20:29:11,3.0707,172.7902,81.18,79,24,17.31
15,Zabol,AF,2022-02-10 20:33:48,32.25,67.25,34.41,50,4,4.61
16,Tuktoyaktuk,CA,2022-02-10 20:33:49,69.4541,-133.0374,-13.0,70,100,12.66
17,Lebu,CL,2022-02-10 20:33:49,-37.6167,-73.65,60.66,67,63,26.82
18,Hambantota,LK,2022-02-10 20:33:49,6.1241,81.1185,75.79,87,42,6.62
19,Mataura,NZ,2022-02-10 20:33:50,-46.1927,168.8643,58.48,88,100,2.66
20,Northallerton,GB,2022-02-10 20:33:50,54.339,-1.4324,42.93,68,20,16.11
21,Rikitea,PF,2022-02-10 20:33:51,-23.1203,-134.9692,79.32,71,65,17.94
22,Lasa,IT,2022-02-10 20:33:51,46.6166,10.7002,35.62,76,15,1.79
23,Ikwiriri,TZ,2022-02-10 20:33:51,-7.9562,38.9716,73.69,93,96,1.72
24,Bredasdorp,ZA,2022-02-10 20:33:52,-34.5322,20.0403,60.12,77,0,2.3
25,Verkhnetulomskiy,RU,2022-02-10 20:33:52,68.6073,31.7962,26.73,99,98,2.33
26,Carnarvon,AU,2022-02-10 20:33:53,-24.8667,113.6333,78.87,73,75,8.05
27,Aden,YE,2022-02-10 20:30:06,12.7794,45.0367,76.21,66,6,17.2
28,Marzuq,YE,2022-02-10 20:33:53,14.4,46.4667,61.5,50,94,2.91
29,Jamestown,US,2022-02-10 20:31:45,42.097,-79.2353,38.52,53,95,8.01
30,Thompson,CA,2022-02-10 20:33:54,55.7435,-97.8558,-9.24,70,100,14.97
31,Chernyshevskiy,RU,2022-02-10 20:33:54,63.0128,112.4714,-24.77,99,90,1.7
32,Anuradhapura,LK,2022-02-10 20:33:54,8.3565,80.4173,70.95,97,12,4.54
33,Saint-Francois,FR,2022-02-10 20:33:55,46.4154,3.9054,45.84,86,97,2.3
34,Songea,TZ,2022-02-10 20:33:55,-10.6833,35.65,72.75,78,75,2.3
35,Cabo San Lucas,MX,2022-02-10 20:33:54,22.8909,-109.9124,79.52,54,0,4.61
36,Dingle,PH,2022-02-10 20:33:56,10.9995,122.6711,75.88,83,97,9.84
37,Hithadhoo,MV,2022-02-10 20:33:56,-0.6,73.0833,81.27,71,100,6.96
38,Novoagansk,RU,2022-02-10 20:33:57,61.9449,76.6625,-12.87,99,68,5.7
39,Wanning,CN,2022-02-10 20:33:57,18.8003,110.3967,69.6,92,31,4.25
40,Avarua,CK,2022-02-10 20:33:58,-21.2078,-159.775,80.65,74,20,8.05
41,Punta Arenas,CL,2022-02-10 20:30:39,-53.15,-70.9167,51.91,54,40,31.07
42,Victoria,HK,2022-02-10 20:33:19,22.2855,114.1577,63.25,86,100,11.99
43,Shumskiy,RU,2022-02-10 20:33:58,54.8318,99.1328,-20.49,98,51,2.39
44,Kahului,US,2022-02-10 20:33:59,20.8947,-156.47,77.85,69,7,10.0
45,Waipawa,NZ,2022-02-10 20:33:59,-41.4122,175.5153,67.46,85,100,6.73
46,Souillac,MU,2022-02-10 20:34:00,-20.5167,57.5167,77.38,88,40,2.3
47,Cherskiy,RU,2022-02-10 20:34:00,68.75,161.3,-34.82,99,100,6.53
48,Yellowknife,CA,2022-02-10 20:29:43,62.456,-114.3525,-7.58,81,75,11.5
49,Ribeira Grande,PT,2022-02-10 20:30:52,38.5167,-28.7,59.4,82,20,12.66
50,Touros,BR,2022-02-10 20:34:01,-5.1989,-35.4608,86.9,71,53,13.51
51,Susehri,TR,2022-02-10 20:34:01,40.1644,38.0867,11.86,91,61,3.44
52,Puerto Ayora,EC,2022-02-10 20:34:02,-0.7393,-90.3518,84.16,88,98,7.0
53,Hobart,AU,2022-02-10 20:29:03,-42.8794,147.3294,57.06,66,0,8.05
54,Vaini,TO,2022-02-10 20:34:02,-21.2,-175.2,81.52,81,83,21.88
55,Greenville,US,2022-02-10 20:34:03,35.6127,-77.3663,66.94,24,0,12.66
56,Kulhudhuffushi,MV,2022-02-10 20:34:03,6.6221,73.07,81.03,75,86,10.11
57,Kavieng,PG,2022-02-10 20:34:04,-2.5744,150.7967,80.76,81,70,7.36
58,Ponta Do Sol,PT,2022-02-10 20:29:37,32.6667,-17.1,69.71,55,100,7.85
59,Tequila,MX,2022-02-10 20:34:05,20.8833,-103.8333,80.17,14,0,2.62
60,Aklavik,CA,2022-02-10 20:31:00,68.2191,-135.0107,-17.57,76,100,6.91
61,Bathsheba,BB,2022-02-10 20:34:05,13.2167,-59.5167,83.01,57,20,25.32
62,Seoul,KR,2022-02-10 20:34:06,37.5683,126.9778,24.4,87,0,4.61
63,Bethel,US,2022-02-10 20:34:06,41.3712,-73.414,52.02,50,10,1.99
64,Coquimbo,CL,2022-02-10 20:31:33,-29.9533,-71.3436,71.33,60,100,6.91
65,Petropavlovsk-Kamchatskiy,RU,2022-02-10 20:32:17,53.0452,158.6483,7.39,85,75,8.95
66,Inirida,CO,2022-02-10 20:34:07,3.8653,-67.9239,88.79,52,99,1.88
67,Marsala,IT,2022-02-10 20:34:07,37.7966,12.4352,48.15,87,0,5.75
68,Rayong,TH,2022-02-10 20:34:08,12.8333,101.4333,81.72,99,100,2.28
69,Sorland,NO,2022-02-10 20:34:08,67.667,12.6934,28.47,54,100,25.57
70,Juneau,US,2022-02-10 20:30:14,58.3019,-134.4197,37.4,67,75,8.05
71,Upernavik,GL,2022-02-10 20:32:05,72.7868,-56.1549,-5.62,96,100,6.6
72,Bambous Virieux,MU,2022-02-10 20:34:09,-20.3428,57.7575,77.25,88,40,2.3
73,Norman Wells,CA,2022-02-10 20:34:09,65.282,-126.8329,-11.16,70,100,16.11
74,Provideniya,RU,2022-02-10 20:34:10,64.3833,-173.3,-19.25,93,46,3.83
75,Saskylakh,RU,2022-02-10 20:34:10,71.9167,114.0833,4.78,93,100,13.58
76,Tasiilaq,GL,2022-02-10 20:34:11,65.6145,-37.6368,17.76,58,48,7.61
77,Maningrida,AU,2022-02-10 20:34:11,-12.0667,134.2667,75.52,95,96,6.64
78,Gizo,SB,2022-02-10 20:34:11,-8.103,156.8419,80.91,79,99,6.76
79,Bonwapitse,BW,2022-02-10 20:34:12,-23.0766,26.7037,72.41,64,60,6.4
80,Saint-Pierre,RE,2022-02-10 20:34:12,-21.3393,55.4781,74.88,78,20,4.61
81,Ginda,IN,2022-02-10 20:34:13,30.6945,78.4932,33.58,39,0,8.08
82,Qaanaaq,GL,2022-02-10 20:34:13,77.484,-69.3632,-19.95,56,13,6.93
83,Laguna,US,2022-02-10 20:34:13,38.421,-121.4238,76.66,52,0,3.44
84,Kodiak,US,2022-02-10 20:34:14,57.79,-152.4072,27.91,80,100,0.0
85,Balkanabat,TM,2022-02-10 20:34:14,39.5108,54.3671,54.28,56,100,7.16
86,Arraial Do Cabo,BR,2022-02-10 20:32:49,-22.9661,-42.0278,71.46,88,100,4.61
87,Roald,NO,2022-02-10 20:34:15,62.5833,6.1333,34.9,64,40,19.57
88,Mahebourg,MU,2022-02-10 20:34:08,-20.4081,57.7,77.29,88,40,2.3
89,Helong,CN,2022-02-10 20:34:15,42.5397,128.9972,17.94,89,100,5.06
90,Kangaatsiaq,GL,2022-02-10 20:34:16,68.3065,-53.4641,-10.1,91,100,8.34
91,Guerrero Negro,MX,2022-02-10 20:34:16,27.9769,-114.0611,75.42,23,0,4.25
92,Salalah,OM,2022-02-10 20:34:17,17.0151,54.0924,73.49,64,0,4.61
93,Busselton,AU,2022-02-10 20:34:17,-33.65,115.3333,64.09,61,0,4.0
94,Torbay,CA,2022-02-10 20:34:17,47.6666,-52.7314,39.27,82,20,8.05
95,Tadine,NC,2022-02-10 20:34:18,-21.55,167.8833,79.03,94,100,31.23
96,Albany,US,2022-02-10 20:32:08,42.6001,-73.9662,44.17,68,28,1.01
97,Deming,US,2022-02-10 20:30:52,32.2687,-107.7586,65.25,18,0,14.38
98,Alofi,NU,2022-02-10 20:34:19,-19.0595,-169.9187,84.09,74,75,6.91
99,South Lake Tahoe,US,2022-02-10 20:32:41,38.9332,-119.9844,61.86,40,0,6.91
100,Donauworth,DE,2022-02-10 20:33:43,48.7,10.8,45.12,80,99,4.0
101,Itarema,BR,2022-02-10 20:34:19,-2.9248,-39.9167,80.83,72,77,9.8
102,Awjilah,LY,2022-02-10 20:34:20,29.1081,21.2869,53.51,48,5,8.23
103,Petropavlovka,RU,2022-02-10 20:34:20,50.6114,105.3196,-22.4,93,10,2.8
104,Whitecourt,CA,2022-02-10 20:32:09,54.1502,-115.6855,43.84,39,100,32.21
105,Narsaq,GL,2022-02-10 20:34:21,60.9167,-46.05,12.42,61,79,8.84
106,Gunjur,GM,2022-02-10 20:34:21,13.2019,-16.7339,82.47,30,0,6.91
107,Dagua,CO,2022-02-10 20:34:21,3.6569,-76.6886,82.9,90,86,4.76
108,Kaitangata,NZ,2022-02-10 20:34:22,-46.2817,169.8464,60.49,85,93,3.74
109,Kencong,ID,2022-02-10 20:34:22,-8.2833,113.3667,75.67,88,100,2.24
110,Haines Junction,CA,2022-02-10 20:34:23,60.7522,-137.5108,28.35,34,42,8.05
111,Talavera,PH,2022-02-10 20:34:23,15.6167,120.9333,69.13,88,55,4.0
112,Elban,RU,2022-02-10 20:34:24,50.1018,136.5094,-7.51,97,95,3.33
113,Los Llanos De Aridane,ES,2022-02-10 20:34:24,28.6585,-17.9182,71.35,33,0,12.66
114,Saint-Philippe,RE,2022-02-10 20:34:24,-21.3585,55.7679,74.79,79,25,5.97
115,Chuy,UY,2022-02-10 20:34:25,-33.6971,-53.4616,74.77,59,7,14.09
116,Udachnyy,RU,2022-02-10 20:34:25,66.4167,112.4,-2.56,76,100,8.23
117,Bibiani,GH,2022-02-10 20:34:25,6.4635,-2.3194,80.58,41,57,4.09
118,Siniscola,IT,2022-02-10 20:34:26,40.5719,9.6922,40.55,64,0,3.87
119,Grass Valley,US,2022-02-10 20:34:26,39.2191,-121.0611,75.45,33,0,6.91
120,Cidreira,BR,2022-02-10 20:34:27,-30.1811,-50.2056,75.18,78,3,18.1
121,Naryan-Mar,RU,2022-02-10 20:34:27,67.6713,53.087,24.28,89,100,19.84
122,Binzhou,CN,2022-02-10 20:34:28,37.3667,118.0167,36.07,67,4,4.65
123,Gornopravdinsk,RU,2022-02-10 20:34:28,60.05,69.9,-0.94,90,12,8.01
124,Vanimo,PG,2022-02-10 20:34:28,-2.6741,141.3028,77.29,88,100,2.33
125,Xiaoweizhai,CN,2022-02-10 20:34:29,26.1903,107.5125,37.8,96,100,3.87
126,Nikolskoye,RU,2022-02-10 20:34:29,59.7035,30.7861,36.72,86,100,10.27
127,Vardo,NO,2022-02-10 20:32:47,70.3705,31.1107,26.58,80,75,13.8
128,Hammelburg,DE,2022-02-10 20:34:30,50.1167,9.9,43.86,89,100,8.32
129,Castro,BR,2022-02-10 20:34:30,-24.7911,-50.0119,73.67,72,28,3.69
130,Port Elizabeth,ZA,2022-02-10 20:30:31,-33.918,25.5701,64.69,82,0,3.44
131,Kualakapuas,ID,2022-02-10 20:34:31,-3.0091,114.3876,77.16,95,100,0.2
132,Chokurdakh,RU,2022-02-10 20:31:34,70.6333,147.9167,-28.66,95,40,8.7
133,Esperance,AU,2022-02-10 20:34:32,-33.8667,121.9,75.04,46,12,19.01
134,Deputatskiy,RU,2022-02-10 20:34:32,69.3,139.9,-22.49,94,98,5.84
135,Suzhou,CN,2022-02-10 20:31:47,31.3114,120.6181,44.47,80,98,6.13
136,Yulara,AU,2022-02-10 20:34:30,-25.2406,130.9889,67.84,56,0,2.3
137,Kruisfontein,ZA,2022-02-10 20:34:33,-34.0033,24.7314,61.83,86,41,2.35
138,Flinders,AU,2022-02-10 20:34:33,-34.5833,150.8552,71.19,85,90,11.99
139,San Cristobal,VE,2022-02-10 20:34:34,7.7669,-72.225,78.98,66,81,1.52
140,Port Hedland,AU,2022-02-10 20:34:34,-20.3167,118.5667,80.65,89,7,8.05
141,Antofagasta,CL,2022-02-10 20:34:34,-23.65,-70.4,72.68,59,2,6.55
142,Faya,SA,2022-02-10 20:34:35,18.3851,42.4509,59.11,85,5,5.19
143,Coria,ES,2022-02-10 20:30:51,39.9879,-6.5377,53.46,75,100,2.46
144,Inuvik,CA,2022-02-10 20:34:35,68.3499,-133.7218,-15.59,76,100,6.91
145,Longyearbyen,SJ,2022-02-10 20:34:36,78.2186,15.6401,24.64,68,75,8.05
146,General Roca,AR,2022-02-10 20:34:36,-39.0333,-67.5833,82.8,15,35,13.76
147,Qidong,CN,2022-02-10 20:34:37,31.8128,121.6561,45.03,78,93,6.53
148,Yeppoon,AU,2022-02-10 20:34:37,-23.1333,150.7333,65.98,68,0,8.41
149,Kilis,TR,2022-02-10 20:34:38,36.7161,37.115,43.03,71,97,5.77
150,Benjamin Constant,BR,2022-02-10 20:34:38,-4.3831,-70.0311,89.73,62,40,5.75
151,Barra,BR,2022-02-10 20:34:38,-11.0894,-43.1417,83.88,53,35,5.46
152,Sinnamary,GF,2022-02-10 20:34:39,5.3833,-52.95,77.9,84,54,12.5
153,Susanville,US,2022-02-10 20:34:39,40.4163,-120.653,57.67,48,0,3.44
154,Faanui,PF,2022-02-10 20:34:40,-16.4833,-151.75,81.14,75,48,16.17
155,Mwene-Ditu,CD,2022-02-10 20:34:40,-7.0,23.45,66.6,94,100,1.66
156,Turkistan,KZ,2022-02-10 20:34:41,43.0,68.0,38.79,46,100,9.73
157,Middelburg,ZA,2022-02-10 20:34:41,-25.7751,29.4648,63.99,67,56,4.32
158,Tumarbong,PH,2022-02-10 20:34:41,10.3766,119.4579,78.13,80,53,13.85
159,Aksarka,RU,2022-02-10 20:34:42,66.5606,67.7975,11.43,91,100,18.77
160,Lagoa,PT,2022-02-10 20:34:42,39.05,-27.9833,58.57,73,93,7.09
161,Mehamn,NO,2022-02-10 20:34:02,71.0357,27.8492,24.98,82,98,10.4
162,Airai,TL,2022-02-10 20:34:43,-8.9266,125.4092,60.28,92,100,1.43
163,Mana,GF,2022-02-10 20:34:43,5.6592,-53.7767,78.75,80,70,11.88
164,Bubaque,GW,2022-02-10 20:34:44,11.2833,-15.8333,79.05,77,4,12.64
165,Parati,BR,2022-02-10 20:34:44,-23.2178,-44.7131,86.9,94,98,1.07
166,Fortuna,US,2022-02-10 20:30:09,40.5982,-124.1573,80.85,49,20,1.01
167,Hasaki,JP,2022-02-10 20:34:45,35.7333,140.8333,34.2,75,100,27.76
168,Puerto Escondido,MX,2022-02-10 20:34:45,15.85,-97.0667,85.03,61,0,8.05
169,Sept-Iles,CA,2022-02-10 20:33:47,50.2001,-66.3821,29.05,94,100,8.05
170,Anloga,GH,2022-02-10 20:34:46,5.7947,0.8973,84.42,83,0,10.07
171,Hilo,US,2022-02-10 20:33:58,19.7297,-155.09,76.8,63,0,5.99
172,Lucapa,AO,2022-02-10 20:34:47,-8.4192,20.7447,65.14,96,100,3.24
173,Mwinilunga,ZM,2022-02-10 20:34:47,-11.7358,24.4293,61.5,96,96,2.15
174,Ilulissat,GL,2022-02-10 20:34:47,69.2167,-51.1,-2.18,60,75,1.14
175,Hermanus,ZA,2022-02-10 20:34:48,-34.4187,19.2345,63.9,77,0,3.0
176,Savannah Bight,HN,2022-02-10 20:34:48,16.45,-85.85,80.01,70,5,2.42
177,Talnakh,RU,2022-02-10 20:34:49,69.4865,88.3972,-2.79,96,51,11.54
178,East Ridge,US,2022-02-10 20:34:49,35.0142,-85.2519,65.1,27,40,9.22
179,Manggar,ID,2022-02-10 20:34:49,-2.8833,108.2667,77.29,84,100,8.41
180,Tiksi,RU,2022-02-10 20:34:50,71.6872,128.8694,-9.9,92,100,16.15
181,Vao,NC,2022-02-10 20:34:50,-22.6667,167.4833,81.05,88,100,39.75
182,Luderitz,NA,2022-02-10 20:34:51,-26.6481,15.1594,73.4,52,4,16.71
183,Abu Samrah,SY,2022-02-10 20:34:51,35.3029,37.1841,44.08,85,54,8.08
184,Sao Filipe,CV,2022-02-10 20:34:52,14.8961,-24.4956,78.22,54,100,6.73
185,Asau,RO,2022-02-10 20:34:52,46.4333,26.4,38.75,91,31,7.05
186,Atar,MR,2022-02-10 20:34:52,20.5169,-13.0499,72.7,14,2,12.46
187,Muswellbrook,AU,2022-02-10 20:32:12,-32.2667,150.9,64.24,86,62,6.87
188,Nampa,US,2022-02-10 20:34:53,43.5407,-116.5635,50.11,53,0,3.44
189,Camacha,PT,2022-02-10 20:34:54,33.0833,-16.3333,61.56,88,20,4.61
190,Akyab,MM,2022-02-10 20:34:54,20.15,92.9,65.95,61,7,7.96
191,Darnah,LY,2022-02-10 20:34:54,32.767,22.6367,55.18,70,14,21.54
192,Georgetown,MY,2022-02-10 20:34:55,5.4112,100.3354,78.89,92,20,1.14
193,Kirovskiy,RU,2022-02-10 20:34:55,45.0917,133.5136,0.5,100,100,1.32
194,Beira,MZ,2022-02-10 20:34:56,-19.8436,34.8389,80.69,78,20,9.22
195,Kutum,SD,2022-02-10 20:34:56,14.2,24.6667,57.7,16,0,12.5
196,Khatanga,RU,2022-02-10 20:34:56,71.9667,102.5,-5.85,98,88,13.27
197,Yako,BF,2022-02-10 20:34:57,12.9667,-2.2667,77.34,11,0,9.78
198,Kipini,KE,2022-02-10 20:34:57,-2.5257,40.5262,80.89,86,60,12.21
199,Cockburn Town,TC,2022-02-10 20:34:58,21.4612,-71.1419,77.77,74,0,16.64
200,Omboue,GA,2022-02-10 20:34:58,-1.5746,9.2618,78.04,87,100,4.97
201,Auki,SB,2022-02-10 20:34:58,-8.7676,160.7034,78.19,89,100,3.78
202,Adet,ET,2022-02-10 20:34:59,11.2644,37.4888,59.27,66,45,5.66
203,East London,ZA,2022-02-10 20:32:54,-33.0153,27.9116,70.97,81,10,4.68
204,Boali,CF,2022-02-10 20:34:59,4.8005,18.1275,80.47,18,37,3.06
205,Beatrice,US,2022-02-10 20:35:00,40.2681,-96.747,53.87,40,0,19.57
206,Mar Del Plata,AR,2022-02-10 20:31:33,-38.0023,-57.5575,84.22,85,0,25.01
207,Caravelas,BR,2022-02-10 20:35:01,-17.7125,-39.2481,79.21,79,0,7.47
208,Buala,SB,2022-02-10 20:35:01,-8.145,159.5921,79.61,82,100,6.8
209,Duluth,US,2022-02-10 20:35:01,46.7833,-92.1066,23.29,67,75,16.11
210,Port Lincoln,AU,2022-02-10 20:32:12,-34.7333,135.8667,61.68,72,8,15.3
211,San Patricio,US,2022-02-10 20:35:02,28.017,-97.5169,73.38,33,100,4.72
212,Berezovyy,RU,2022-02-10 20:35:02,51.6667,135.7,-4.7,99,88,3.67
213,Davila,PH,2022-02-10 20:35:03,18.4726,120.5763,74.86,78,37,10.4
214,Mambulo,PH,2022-02-10 20:35:03,13.7167,123.05,75.81,81,100,10.63
215,Kozhva,RU,2022-02-10 20:35:04,65.1073,57.0459,25.48,90,100,15.14
216,Pangnirtung,CA,2022-02-10 20:35:04,66.1451,-65.7125,-2.2,55,100,3.44
217,Umm Kaddadah,SD,2022-02-10 20:35:05,13.6017,26.6876,63.0,17,1,16.11
218,Tacoronte,ES,2022-02-10 20:35:05,28.4769,-16.4102,68.18,35,20,6.91
219,Pitimbu,BR,2022-02-10 20:35:06,-7.4706,-34.8086,84.79,67,63,9.69
220,Serowe,BW,2022-02-10 20:35:06,-22.3833,26.7167,68.5,71,33,1.72
221,Ancud,CL,2022-02-10 20:35:07,-41.8697,-73.8203,63.43,52,6,13.67
222,Erzin,TR,2022-02-10 20:35:07,36.9559,36.2,50.72,76,25,3.31
223,Nikolsk,RU,2022-02-10 20:35:08,53.7189,46.0712,23.9,96,100,5.39
224,Pacific Grove,US,2022-02-10 20:33:30,36.6177,-121.9166,79.81,34,0,1.99
225,Oktyabrskoye,RU,2022-02-10 20:35:08,43.0645,44.7417,23.14,100,10,4.47
226,Padang,ID,2022-02-10 20:35:09,-0.9492,100.3543,77.02,78,100,3.96
227,Zdvinsk,RU,2022-02-10 20:35:09,54.7021,78.661,-20.51,100,32,5.37
228,Havre-Saint-Pierre,CA,2022-02-10 20:35:10,50.2334,-63.5986,28.99,93,100,4.61
229,Alora,ES,2022-02-10 20:35:10,36.8236,-4.7058,53.91,89,87,2.13
230,North Bend,US,2022-02-10 20:32:39,43.4065,-124.2243,63.91,79,0,11.5
231,Sungaipenuh,ID,2022-02-10 20:35:11,-2.0833,101.3833,63.73,69,100,1.45
232,Rovenki,UA,2022-02-10 20:35:11,48.0833,39.3776,32.54,95,83,8.88
233,Abay,KZ,2022-02-10 20:35:12,49.6311,72.8539,-16.22,100,16,4.76
234,Lorengau,PG,2022-02-10 20:35:12,-2.0226,147.2712,80.1,82,100,5.75
235,Sioux Lookout,CA,2022-02-10 20:33:22,50.1001,-91.917,14.38,85,100,11.5
236,Araouane,ML,2022-02-10 20:35:13,18.9048,-3.5265,67.42,16,4,11.7
237,Berdigestyakh,RU,2022-02-10 20:35:13,62.0989,126.6992,-36.63,100,55,1.99
238,Buraydah,SA,2022-02-10 20:35:14,26.326,43.975,66.65,42,40,13.51
239,Pevek,RU,2022-02-10 20:35:14,69.7008,170.3133,-32.24,98,100,8.81
240,Parabel,RU,2022-02-10 20:35:14,58.6978,81.4825,-21.33,100,81,1.03
241,Bay-Khaak,RU,2022-02-10 20:35:15,51.1667,94.5,-24.14,96,52,2.46
242,San Quintin,MX,2022-02-10 20:35:15,30.4833,-115.95,71.89,27,0,7.65
243,Lieksa,FI,2022-02-10 20:35:16,63.3167,30.0167,26.82,93,100,11.14
244,Jumla,NP,2022-02-10 20:35:16,29.2747,82.1838,19.8,87,18,7.36
245,Taoudenni,ML,2022-02-10 20:35:17,22.6783,-3.9836,65.16,18,49,11.97
246,Adjumani,UG,2022-02-10 20:35:17,3.3779,31.7909,83.26,26,100,3.24
247,Nanortalik,GL,2022-02-10 20:32:12,60.1432,-45.2371,25.99,56,100,9.37
248,Oranjemund,NA,2022-02-10 20:32:05,-28.55,16.4333,64.08,92,4,13.56
249,Cayenne,GF,2022-02-10 20:35:18,4.9333,-52.3333,77.09,87,100,9.22
250,Am Timan,TD,2022-02-10 20:35:18,11.0297,20.2827,78.55,13,1,7.49
251,Mitsamiouli,KM,2022-02-10 20:35:19,-11.3847,43.2844,81.45,78,100,8.19
252,Chumikan,RU,2022-02-10 20:35:19,54.7183,135.315,7.97,96,100,5.79
253,Brigantine,US,2022-02-10 20:35:20,39.4101,-74.3646,57.4,33,40,13.8
254,Beinamar,TD,2022-02-10 20:35:20,8.6698,15.3813,76.69,9,66,5.95
255,Fukue,JP,2022-02-10 20:35:20,32.6881,128.8419,49.55,51,31,9.48
256,Vorukh,TJ,2022-02-10 20:35:21,39.8494,70.5838,29.12,52,97,10.49
257,Khandyga,RU,2022-02-10 20:35:21,62.6667,135.6,-40.54,100,98,0.81
258,Teutonia,BR,2022-02-10 20:35:22,-29.4481,-51.8064,88.74,58,20,4.0
259,Jalu,LY,2022-02-10 20:35:22,29.0331,21.5482,53.28,50,5,8.32
260,Conde,BR,2022-02-10 20:35:23,-7.2597,-34.9075,83.66,65,20,9.22
261,Pedernales,DO,2022-02-10 20:35:23,18.0384,-71.744,82.22,56,8,2.08
262,Clyde River,CA,2022-02-10 20:35:23,70.4692,-68.5914,-18.17,69,75,5.75
263,San Andres,CO,2022-02-10 20:31:27,12.5847,-81.7006,84.22,70,40,13.8
264,Constitucion,CL,2022-02-10 20:30:56,-35.3333,-72.4167,65.05,65,100,9.17
265,Itapetininga,BR,2022-02-10 20:35:24,-23.5917,-48.0531,73.13,68,51,12.55
266,Severo-Kurilsk,RU,2022-02-10 20:35:25,50.6789,156.125,23.85,76,85,7.67
267,Nyurba,RU,2022-02-10 20:35:25,63.2842,118.3319,-32.89,100,88,2.86
268,Saldanha,ZA,2022-02-10 20:35:25,-33.0117,17.9442,64.45,82,0,10.49
269,Lourdes,FR,2022-02-10 20:35:26,43.1,-0.05,44.08,76,0,3.44
270,Katsuura,JP,2022-02-10 20:35:26,35.1333,140.3,37.11,93,100,22.97
271,Tautira,PF,2022-02-10 20:35:27,-17.7333,-149.15,84.22,73,60,11.97
272,Zhangye,CN,2022-02-10 20:35:27,38.9342,100.4517,23.43,43,16,5.1
273,Nicoya,CR,2022-02-10 20:35:28,10.1483,-85.452,90.95,36,27,6.2
274,Sovetskiy,RU,2022-02-10 20:35:28,61.3614,63.5842,5.85,95,100,11.25
275,Ballina,AU,2022-02-10 20:35:28,-28.8667,153.5667,66.16,93,40,5.75
276,Melbu,NO,2022-02-10 20:35:29,68.5044,14.8297,33.31,100,100,18.41
277,Kaeo,NZ,2022-02-10 20:35:29,-35.1,173.7833,75.33,98,99,7.61
278,Opuwo,NA,2022-02-10 20:35:30,-18.0607,13.84,67.86,87,100,4.76
279,Bosaso,SO,2022-02-10 20:35:30,11.2842,49.1816,72.09,65,3,7.49
280,Portland,US,2022-02-10 20:33:39,45.5234,-122.6762,58.46,90,100,5.75
281,Namatanai,PG,2022-02-10 20:35:31,-3.6667,152.4333,79.72,82,97,3.0
282,Sambava,MG,2022-02-10 20:32:48,-14.2667,50.1667,75.56,90,42,4.59
283,Brownsville,US,2022-02-10 20:30:32,25.9018,-97.4975,69.91,59,100,10.36
284,Raudeberg,NO,2022-02-10 20:34:49,61.9875,5.1352,32.67,89,99,1.01
285,Tabou,CI,2022-02-10 20:35:31,4.423,-7.3528,79.45,89,3,7.38
286,Pafos,CY,2022-02-10 20:35:08,34.7667,32.4167,49.91,57,40,8.05
287,Okhotsk,RU,2022-02-10 20:32:22,59.3833,143.3,3.88,86,100,5.35
288,Brokopondo,SR,2022-02-10 20:35:32,4.75,-55.1667,79.47,77,100,7.4
289,Mollendo,PE,2022-02-10 20:35:33,-17.0231,-72.0147,72.57,69,86,7.45
290,Haapiti,PF,2022-02-10 20:35:33,-17.5667,-149.8667,83.93,71,26,12.44
291,Dawlatabad,AF,2022-02-10 20:35:33,36.4141,64.9053,48.13,50,100,4.27
292,Barcelos,PT,2022-02-10 20:35:34,41.5388,-8.6151,56.91,72,95,4.03
293,Avera,US,2022-02-10 20:35:34,33.194,-82.5271,69.39,30,40,8.16
294,Jinchang,CN,2022-02-10 20:35:35,38.4953,102.1739,21.6,62,99,6.04
295,Olga,RU,2022-02-10 20:32:07,43.7444,135.2892,18.41,92,66,3.6
296,College,US,2022-02-10 20:35:35,64.8569,-147.8028,-2.79,76,75,4.61
297,Meulaboh,ID,2022-02-10 20:33:25,4.1363,96.1285,75.54,83,100,2.3
298,Axim,GH,2022-02-10 20:33:58,4.8699,-2.2405,79.18,87,0,8.75
299,Chimbote,PE,2022-02-10 20:35:31,-9.0853,-78.5783,74.77,68,98,10.45
300,Bom Jesus,BR,2022-02-10 20:35:36,-9.0744,-44.3586,82.36,59,100,0.63
301,North Battleford,CA,2022-02-10 20:35:37,52.7834,-108.2847,40.41,75,75,24.16
302,Manado,ID,2022-02-10 20:30:37,1.487,124.8455,77.77,94,40,1.14
303,Port Hardy,CA,2022-02-10 20:34:41,50.6996,-127.4199,48.38,81,100,8.05
304,Spornoye,RU,2022-02-10 20:35:38,50.8448,37.2913,33.82,93,65,10.51
305,Gloversville,US,2022-02-10 20:35:38,43.0528,-74.3438,42.17,81,75,9.22
306,Karasburg,NA,2022-02-10 20:35:38,-28.0167,18.75,82.62,16,40,14.29
307,Klaksvik,FO,2022-02-10 20:35:39,62.2266,-6.589,27.52,67,88,15.32
308,Port Blair,IN,2022-02-10 20:31:00,11.6667,92.75,75.24,94,40,2.3
309,Harda,IN,2022-02-10 20:35:40,22.3333,77.1,56.41,41,5,6.13
310,Paredon,MX,2022-02-10 20:35:40,16.0333,-93.8667,85.33,48,0,11.03
311,Maumere,ID,2022-02-10 20:35:41,-8.6199,122.2111,78.51,87,100,4.32
312,Matamoros,MX,2022-02-10 20:35:41,25.5333,-103.25,64.51,22,75,8.05
313,Saint-Michel-Des-Saints,CA,2022-02-10 20:32:09,46.6834,-73.9159,35.94,92,99,10.45
314,Vestmannaeyjar,IS,2022-02-10 20:35:42,63.4427,-20.2734,37.54,55,100,17.65
315,Kirando,TZ,2022-02-10 20:35:42,-7.4167,30.6,72.46,83,100,3.96
316,Shenjiamen,CN,2022-02-10 20:35:43,29.9576,122.298,46.15,73,100,7.43
317,Srednekolymsk,RU,2022-02-10 20:35:43,67.45,153.6833,-39.78,99,50,4.59
318,Amapa,BR,2022-02-10 20:35:43,1.0,-52.0,76.28,95,100,3.11
319,Zaranj,AF,2022-02-10 20:35:44,30.9667,61.8833,48.16,23,0,7.81
320,Keetmanshoop,NA,2022-02-10 20:35:44,-26.5833,18.1333,81.52,39,91,3.44
321,Balabac,PH,2022-02-10 20:35:45,7.9868,117.0645,80.19,82,100,17.16
322,Teseney,ER,2022-02-10 20:35:45,15.11,36.6575,75.61,62,0,10.6
323,Petropavl,KZ,2022-02-10 20:35:45,54.8753,69.1628,-12.48,93,5,8.21
324,Tamandare,BR,2022-02-10 20:35:46,-8.7597,-35.1047,81.0,68,91,13.47
325,Young,UY,2022-02-10 20:35:46,-32.6833,-57.6333,90.23,25,0,11.01
326,Hamilton,US,2022-02-10 20:35:47,39.1834,-84.5333,46.99,55,20,11.5
327,Yarada,IN,2022-02-10 20:35:47,17.65,83.2667,70.12,94,20,2.3
328,Bahjoi,IN,2022-02-10 20:35:48,28.4,78.6167,49.87,75,0,8.05
329,Charqueada,BR,2022-02-10 20:35:48,-22.5097,-47.7781,76.17,76,100,4.16
330,Hammerfest,NO,2022-02-10 20:35:48,70.6634,23.6821,28.13,74,40,8.05
331,Kropotkin,RU,2022-02-10 20:35:49,45.4375,40.5756,36.03,91,98,15.05
332,Ouallam,NE,2022-02-10 20:35:49,14.3188,2.0866,77.49,9,0,10.78
333,Solnechnyy,RU,2022-02-10 20:35:49,50.7214,136.6319,-3.87,97,81,4.05
334,Malm,NO,2022-02-10 20:35:50,64.0721,11.2172,31.84,82,100,15.64
335,Gornyak,RU,2022-02-10 20:35:50,50.9942,81.4661,-18.35,100,89,3.27
336,Tuy Hoa,VN,2022-02-10 20:35:51,13.0833,109.3,72.84,91,63,4.21
337,Tafresh,IR,2022-02-10 20:35:51,34.692,50.013,36.0,74,80,6.26
338,Christchurch,NZ,2022-02-10 20:32:05,-43.5333,172.6333,65.03,93,100,11.5
339,Tual,ID,2022-02-10 20:35:52,-5.6667,132.75,80.33,80,100,3.78
340,Ostrovnoy,RU,2022-02-10 20:35:52,68.0531,39.5131,28.35,87,100,19.6
341,Sakakah,SA,2022-02-10 20:35:52,29.9697,40.2064,49.57,41,0,9.6
342,Leh,IN,2022-02-10 20:35:53,34.1667,77.5833,-9.2,88,89,4.03
343,Cisarua,ID,2022-02-10 20:35:53,-6.6527,106.471,66.99,82,100,1.81
344,Akcakoca,TR,2022-02-10 20:35:53,41.0866,31.1162,37.94,79,2,4.9
345,Atami,JP,2022-02-10 20:35:54,35.0894,139.0686,36.21,95,93,10.65
346,Manokwari,ID,2022-02-10 20:35:54,-0.8667,134.0833,77.47,76,98,3.36
347,Banda Aceh,ID,2022-02-10 20:35:55,5.5577,95.3222,77.97,82,100,5.19
348,Ray,IN,2022-02-10 20:35:55,23.6833,85.05,59.77,75,0,5.1
349,Coruripe,BR,2022-02-10 20:31:06,-10.1256,-36.1756,81.18,70,6,14.41
350,Khasan,RU,2022-02-10 20:35:56,42.4308,130.6434,27.3,78,65,4.68
351,Amahai,ID,2022-02-10 20:35:56,-3.3333,128.9167,77.36,86,100,3.27
352,Willmar,US,2022-02-10 20:35:57,45.1219,-95.0433,37.08,93,100,10.36
353,Bako,ET,2022-02-10 20:35:57,5.7833,36.5667,71.49,42,18,3.24
354,Saint George,US,2022-02-10 20:35:57,37.1041,-113.5841,66.67,28,0,4.0
355,Port-Cartier,CA,2022-02-10 20:35:58,50.0334,-66.8654,28.74,98,100,5.93
356,Gamba,GA,2022-02-10 20:35:58,-2.65,10.0,77.47,88,98,4.88
357,Quatre Cocos,MU,2022-02-10 20:35:59,-20.2078,57.7625,77.11,83,16,6.06
358,Dimona,IL,2022-02-10 20:35:59,31.0667,35.0333,45.84,85,77,9.4
359,Salmo,CA,2022-02-10 20:36:00,49.1999,-117.2689,41.88,100,100,2.62
360,Dunedin,NZ,2022-02-10 20:32:45,-45.8742,170.5036,62.56,85,16,3.42
361,Medicine Hat,CA,2022-02-10 20:35:02,50.0501,-110.6683,51.51,40,100,32.21
362,Dongsheng,CN,2022-02-10 20:36:00,39.8161,109.9776,22.89,52,100,4.81
363,Sibolga,ID,2022-02-10 20:36:01,1.7427,98.7792,74.95,85,98,2.98
364,Wucheng,CN,2022-02-10 20:36:01,29.6008,118.175,41.77,98,100,2.55
365,Great Bend,US,2022-02-10 20:32:35,38.3645,-98.7648,60.89,41,20,14.56
366,Teya,RU,2022-02-10 20:36:02,60.3778,92.6267,-17.59,100,41,0.31
367,Qeshm,IR,2022-02-10 20:36:02,26.9581,56.2719,60.69,53,0,2.91
368,Ruteng,ID,2022-02-10 20:36:03,-8.6136,120.4721,63.28,95,100,1.28
369,Ambovombe,MG,2022-02-10 20:36:03,-25.1667,46.0833,74.73,94,38,11.77
370,Songjianghe,CN,2022-02-10 20:36:03,42.1859,127.479,12.02,91,94,4.94
371,Itaituba,BR,2022-02-10 20:36:04,-4.2761,-55.9836,77.16,100,100,5.75
372,Ahipara,NZ,2022-02-10 20:36:04,-35.1667,173.1667,74.12,94,99,10.0
373,Pinos,MX,2022-02-10 20:36:05,22.3,-101.5667,56.39,17,2,11.27
374,Sungurlare,BG,2022-02-10 20:36:05,42.7667,26.7833,40.93,89,3,3.51
375,Fallon,US,2022-02-10 20:36:05,39.4735,-118.7774,58.42,35,20,0.0
376,Pingliang,CN,2022-02-10 20:36:06,35.5392,106.6861,24.17,93,100,3.49
377,Vung Tau,VN,2022-02-10 20:36:06,10.346,107.0843,78.01,82,97,17.54
378,Maluno,PH,2022-02-10 20:36:06,16.9989,121.9643,68.74,91,93,0.69
379,Hofn,IS,2022-02-10 20:36:07,64.2539,-15.2082,26.06,59,21,6.78
380,Harper,LR,2022-02-10 20:36:07,4.375,-7.7169,79.36,88,6,7.11
381,Sitka,US,2022-02-10 20:36:08,57.0531,-135.33,37.29,52,100,8.05
382,Codrington,AU,2022-02-10 20:36:08,-38.2667,141.9667,60.85,75,42,11.79
383,Goderich,CA,2022-02-10 20:36:09,43.7501,-81.7165,31.91,74,100,11.5
384,Cananeia,BR,2022-02-10 20:36:09,-25.0147,-47.9267,77.56,73,12,7.61
385,Mahibadhoo,MV,2022-02-10 20:36:09,3.7833,72.9667,81.18,75,48,8.84
386,Bharatpur,IN,2022-02-10 20:36:10,27.2167,77.4833,52.12,63,0,5.7
387,Marathon,US,2022-02-10 20:36:10,44.9,-89.7668,26.13,68,40,9.22
388,Bonthe,SL,2022-02-10 20:36:11,7.5264,-12.505,78.49,87,0,6.62
389,Saint Anthony,US,2022-02-10 20:36:11,45.0205,-93.218,27.66,76,100,16.11
390,Praia,CV,2022-02-10 20:36:12,14.9215,-23.5087,79.34,44,99,12.66
391,Lunenburg,CA,2022-02-10 20:35:21,44.3835,-64.3155,39.2,82,47,13.8
392,Chipinge,ZW,2022-02-10 20:36:12,-20.1883,32.6236,65.05,79,17,5.01
393,Tari,NG,2022-02-10 20:36:13,12.4086,4.4914,77.09,11,0,10.25
394,Ambilobe,MG,2022-02-10 20:36:13,-13.2,49.05,73.83,99,99,3.83
395,Khash,IR,2022-02-10 20:36:13,28.2211,61.2158,50.32,26,0,1.59
396,Ilabaya,PE,2022-02-10 20:36:14,-17.4208,-70.5133,71.49,53,100,10.02
397,Lavrentiya,RU,2022-02-10 20:36:14,65.5833,-171.0,-28.73,97,62,4.36
398,Chabahar,IR,2022-02-10 20:36:15,25.2919,60.643,69.66,60,1,7.11
399,Moron,AR,2022-02-10 20:36:15,-34.6534,-58.6198,88.02,48,0,7.0
400,Nishihara,JP,2022-02-10 20:36:15,26.1842,127.7558,60.08,78,75,5.75
401,Flin Flon,CA,2022-02-10 20:36:16,54.7682,-101.865,3.04,72,100,11.5
402,Ottawa,CA,2022-02-10 20:31:38,45.4112,-75.6981,39.72,81,75,16.11
403,Henties Bay,NA,2022-02-10 20:36:16,-22.116,14.2845,71.85,81,72,7.67
404,Ocotal,NI,2022-02-10 20:36:17,13.6321,-86.4752,85.93,38,68,9.84
405,Yarmouth,US,2022-02-10 20:36:17,41.7057,-70.2286,52.45,81,40,16.11
406,La Paz,BO,2022-02-10 20:32:01,-16.5,-68.15,53.58,76,75,10.36
407,Brae,GB,2022-02-10 20:34:52,60.3964,-1.353,33.71,54,100,20.89
408,Pierre,US,2022-02-10 20:36:18,44.3683,-100.351,58.86,44,20,24.0
409,Polis,CY,2022-02-10 20:36:18,35.0367,32.4264,49.82,80,0,1.1
410,Leeuwarden,NL,2022-02-10 20:36:19,53.2014,5.8086,42.01,82,20,11.5
411,Zhuhai,CN,2022-02-10 20:36:19,22.2769,113.5678,62.98,85,100,14.07
412,Monticello,US,2022-02-10 20:35:07,45.3055,-93.7941,27.68,80,75,19.57
413,Champerico,GT,2022-02-10 20:36:20,14.3,-91.9167,91.94,59,1,11.48
414,Liwale,TZ,2022-02-10 20:36:20,-9.7667,37.9333,67.98,91,95,2.53
415,Komsomolskiy,UZ,2022-02-10 20:36:21,40.4272,71.7189,36.82,74,100,4.61
416,Diamantino,BR,2022-02-10 20:36:21,-14.4086,-56.4461,77.58,91,95,3.69
417,Orje,NO,2022-02-10 20:36:21,59.4802,11.6602,35.42,70,1,4.09
418,Denia,ES,2022-02-10 20:36:22,38.8408,0.1057,55.54,84,2,3.0
419,Kabompo,ZM,2022-02-10 20:36:22,-13.5927,24.2008,66.11,90,100,2.89
420,Mahajanga,MG,2022-02-10 20:36:23,-15.7167,46.3167,78.49,82,100,7.11
421,Kirkwall,GB,2022-02-10 20:36:23,58.9848,-2.9587,37.45,65,75,16.11
422,Farafangana,MG,2022-02-10 20:36:23,-22.8167,47.8333,76.3,86,10,4.88
423,Barda,AZ,2022-02-10 20:36:24,40.3744,47.1267,44.71,79,100,9.08
424,Lukovetskiy,RU,2022-02-10 20:36:24,64.2956,41.9211,28.38,94,100,8.84
425,Arequipa,PE,2022-02-10 20:36:25,-16.3989,-71.535,68.07,42,0,10.36
426,Pangody,RU,2022-02-10 20:36:25,65.85,74.4859,1.9,81,11,17.58
427,Bari,IT,2022-02-10 20:36:26,41.1177,16.8512,50.25,74,0,9.22
428,Zambezi,ZM,2022-02-10 20:36:26,-13.5432,23.1047,65.41,90,100,2.91
429,Pendleton,US,2022-02-10 20:36:26,45.6721,-118.7886,69.91,46,0,7.0
430,Inhambane,MZ,2022-02-10 20:36:27,-23.865,35.3833,75.06,77,0,8.41
431,San Borja,BO,2022-02-10 20:36:27,-14.8167,-66.85,88.41,57,100,4.25
432,Lumberton,US,2022-02-10 20:36:15,34.6182,-79.0086,68.38,34,6,8.57
433,Pochutla,MX,2022-02-10 20:36:28,15.7432,-96.4661,85.82,50,12,8.75
434,Ahuimanu,US,2022-02-10 20:36:28,21.4447,-157.8378,80.31,67,75,4.61
435,Humaita,BR,2022-02-10 20:36:29,-7.5061,-63.0208,82.13,88,95,1.01
436,Altzayanca,MX,2022-02-10 20:36:29,19.4333,-97.7833,58.26,34,100,11.92
437,Ugoofaaru,MV,2022-02-10 20:36:30,5.6667,73.0,81.09,76,57,11.86
438,Moen,NO,2022-02-10 20:36:30,69.1304,18.6123,30.92,80,75,9.22
439,Tuatapere,NZ,2022-02-10 20:36:30,-46.1333,167.6833,58.82,83,93,3.87
440,Alyangula,AU,2022-02-10 20:36:31,-13.8483,136.4192,75.07,100,63,0.0
441,Da Lat,VN,2022-02-10 20:36:31,11.9465,108.4419,55.72,93,71,2.91
442,Sao Jose Da Coroa Grande,BR,2022-02-10 20:36:32,-8.8978,-35.1478,80.98,68,83,14.47
443,Mnogovershinnyy,RU,2022-02-10 20:36:32,53.9353,139.9242,10.99,97,100,1.68
444,San Pedro,PH,2022-02-10 20:36:32,14.35,121.0167,78.35,75,75,4.61
445,Zheleznodorozhnyy,RU,2022-02-10 20:36:33,55.7503,38.0042,34.21,90,86,9.42
446,Muskogee,US,2022-02-10 20:36:33,35.5834,-95.3336,65.55,27,0,9.22
447,Shenzhen,CN,2022-02-10 20:33:12,22.5455,114.0683,63.14,94,100,6.51
448,Nisia Floresta,BR,2022-02-10 20:36:34,-6.0911,-35.2086,86.81,70,30,10.8
449,Molchanovo,RU,2022-02-10 20:36:34,57.5817,83.7692,-20.9,100,60,2.62
450,Murgab,TM,2022-02-10 20:36:35,37.4966,61.9714,46.27,81,20,6.91
451,Filadelfia,US,2022-02-10 20:34:27,39.9523,-75.1638,56.93,36,35,8.99
452,Sakaiminato,JP,2022-02-10 20:36:35,35.55,133.2333,35.58,93,75,4.61
453,Kichera,RU,2022-02-10 20:35:12,55.9375,110.0997,-11.13,88,99,4.7
454,Amberg,DE,2022-02-10 20:36:36,49.4414,11.8622,43.81,82,100,7.78
455,Dwarka,IN,2022-02-10 20:36:36,22.2394,68.9678,69.42,49,0,12.33
456,Ranapur,IN,2022-02-10 20:36:36,22.65,74.5333,59.72,43,0,8.12
457,Siocon,PH,2022-02-10 20:36:37,7.7061,122.1353,77.49,89,100,7.07
458,Puerto Carreno,CO,2022-02-10 20:36:37,6.189,-67.4859,96.58,27,74,11.23
459,Coihaique,CL,2022-02-10 20:35:02,-45.5752,-72.0662,59.61,38,20,12.66
460,Salaga,GH,2022-02-10 20:36:38,8.5508,-0.5188,87.69,10,4,3.27
461,Ketchikan,US,2022-02-10 20:32:57,55.3422,-131.6461,39.67,65,75,9.22
462,Roma,US,2022-02-10 20:36:39,43.2128,-75.4557,40.73,68,100,12.66
463,Batemans Bay,AU,2022-02-10 20:36:39,-35.7167,150.1833,67.19,82,99,5.99
464,Pisco,PE,2022-02-10 20:34:56,-13.7,-76.2167,80.02,69,0,10.36
465,Lulea,SE,2022-02-10 20:36:39,65.5842,22.1547,26.67,93,40,5.75
466,Narok,KE,2022-02-10 20:36:40,-1.0783,35.8601,63.84,69,100,1.92
467,Nagydorog,HU,2022-02-10 20:36:40,46.6275,18.6556,43.99,70,27,7.29
468,Jacmel,HT,2022-02-10 20:36:41,18.2342,-72.5347,85.84,69,35,6.78
469,Sulangan,PH,2022-02-10 20:36:41,11.1373,123.7228,79.52,80,100,20.07
470,Kabin Buri,TH,2022-02-10 20:36:41,13.9511,101.7177,79.16,75,99,3.44
471,Saint-Georges,GD,2022-02-10 20:36:42,12.0564,-61.7485,83.88,65,20,23.02
472,Goundam,ML,2022-02-10 20:36:42,16.4145,-3.6708,71.17,11,0,12.3
473,Rawson,AR,2022-02-10 20:36:43,-43.3002,-65.1023,64.18,40,59,19.39
474,Astana,KZ,2022-02-10 20:36:43,51.1801,71.446,-16.65,76,5,8.95
475,Nome,US,2022-02-10 20:36:44,64.5011,-165.4064,-16.53,76,75,0.0
476,Kendari,ID,2022-02-10 20:36:44,-3.945,122.4989,75.02,94,100,3.58
477,Pringsewu,ID,2022-02-10 20:36:44,-5.3582,104.9744,71.58,92,100,1.66
478,Vila Velha,BR,2022-02-10 20:35:48,-20.3297,-40.2925,76.95,86,75,10.36
479,Soyo,AO,2022-02-10 20:36:45,-6.1349,12.3689,77.9,87,1,8.1
480,Usinsk,RU,2022-02-10 20:36:45,65.9939,57.5281,24.46,94,100,22.5
481,Smithers,CA,2022-02-10 20:36:46,54.7804,-127.1743,41.32,45,20,3.44
482,Maltahohe,NA,2022-02-10 20:36:46,-24.8333,16.9833,72.68,60,50,7.94
483,Carutapera,BR,2022-02-10 20:36:47,-1.195,-46.02,77.29,91,100,5.53
484,Sao Felix Do Xingu,BR,2022-02-10 20:36:47,-6.6447,-51.995,76.71,96,100,0.56
485,Williston,US,2022-02-10 20:32:02,48.147,-103.618,48.61,66,74,13.0
486,Lubben,DE,2022-02-10 20:36:48,51.95,13.9,42.85,85,100,8.25
487,Samur,RU,2022-02-10 20:36:48,41.8253,48.486,39.42,87,100,4.34
488,Agirish,RU,2022-02-10 20:36:49,61.9247,63.0231,6.71,94,100,11.36
489,Rurrenabaque,BO,2022-02-10 20:36:49,-14.4413,-67.5278,93.09,59,40,4.61
490,Cartagena,CO,2022-02-10 20:36:33,10.3997,-75.5144,85.62,70,20,19.57
491,La Ronge,CA,2022-02-10 20:36:50,55.1001,-105.2842,5.25,72,100,16.11
492,Pundaguitan,PH,2022-02-10 20:36:50,6.3711,126.1689,79.75,83,98,7.92
493,Kiruna,SE,2022-02-10 20:36:51,67.8557,20.2251,13.12,92,65,2.3
494,Kushmurun,KZ,2022-02-10 20:36:51,52.4503,64.6311,6.17,94,95,8.55
495,Qaqortoq,GL,2022-02-10 20:36:51,60.7167,-46.0333,12.7,63,98,8.37
496,Bonavista,CA,2022-02-10 20:36:52,48.6499,-53.1147,35.6,83,8,11.5
497,Saint-Joseph,RE,2022-02-10 20:36:52,-21.3667,55.6167,73.78,81,25,3.49
498,Ocean City,US,2022-02-10 20:36:53,39.2776,-74.5746,57.38,63,14,5.99
499,Bambanglipuro,ID,2022-02-10 20:33:37,-7.95,110.2833,77.0,86,100,5.53
500,Joao Pessoa,BR,2022-02-10 20:32:25,-7.115,-34.8631,84.43,65,20,9.22
501,Pouebo,NC,2022-02-10 20:36:53,-20.4,164.5667,79.36,88,100,14.54
502,Taraza,CO,2022-02-10 20:36:54,7.5836,-75.4007,83.53,76,77,3.53
503,Haimen,CN,2022-02-10 20:36:54,23.1935,116.6142,57.09,85,100,17.27
504,Suarez,CO,2022-02-10 20:36:55,2.954,-76.6964,74.37,86,93,4.7
505,Sisophon,KH,2022-02-10 20:36:55,13.5859,102.9737,79.5,72,84,4.45
506,Santa Marta,CO,2022-02-10 20:33:12,11.2408,-74.199,95.34,56,20,10.0
507,De-Kastri,RU,2022-02-10 20:36:56,51.4667,140.7833,10.58,96,100,4.81
508,Ixtapa,MX,2022-02-10 20:36:56,20.7,-105.2,74.43,53,0,12.66
509,Iqaluit,CA,2022-02-10 20:36:56,63.7506,-68.5145,-7.87,84,100,5.75
510,Lyuban,BY,2022-02-10 20:36:57,52.7985,28.0048,35.92,98,100,8.86
511,Mount Gambier,AU,2022-02-10 20:36:57,-37.8333,140.7667,48.11,93,100,0.0
512,Kamalpur,IN,2022-02-10 20:36:58,24.2,91.8333,59.99,81,83,1.59
513,Remanso,BR,2022-02-10 20:36:58,-9.6179,-42.0831,85.3,50,24,4.5
514,Cumberland,US,2022-02-10 20:36:32,35.0502,-78.8664,68.5,25,0,13.8
515,Cuamba,MZ,2022-02-10 20:36:59,-14.8031,36.5372,70.48,94,100,0.89
516,Zruc Nad Sazavou,CZ,2022-02-10 20:36:59,49.7401,15.1061,46.99,70,100,9.95
517,Palauig,PH,2022-02-10 20:37:00,15.435,119.9045,76.39,69,61,3.76
518,Palmer,US,2022-02-10 20:37:00,42.1584,-72.3287,50.61,52,75,16.11
519,Port Moresby,PG,2022-02-10 20:37:00,-9.4431,147.1797,75.45,81,100,7.47
520,Sao Sebastiao Do Paraiso,BR,2022-02-10 20:37:01,-20.9169,-46.9914,67.15,94,98,3.98
521,Rio Rancho,US,2022-02-10 20:35:56,35.2334,-106.6645,55.49,29,0,4.61
522,Saint-Augustin,CA,2022-02-10 20:37:02,51.226,-58.6502,22.64,96,100,2.08
523,Moree,AU,2022-02-10 20:37:02,-29.4667,149.85,66.22,63,8,10.36
524,Fort Frances,CA,2022-02-10 20:37:02,48.5999,-93.4003,19.17,78,100,16.11
525,Hami,CN,2022-02-10 20:37:03,42.8,93.45,25.7,60,92,5.26
526,Inyonga,TZ,2022-02-10 20:37:03,-6.7167,32.0667,65.07,93,100,1.19
527,Tecpan,GT,2022-02-10 20:37:04,14.7623,-90.9947,70.56,54,54,5.19
528,Waingapu,ID,2022-02-10 20:37:04,-9.6567,120.2641,76.68,86,100,3.02
529,Bud,US,2022-02-10 20:37:04,39.447,-86.1758,41.76,71,74,12.46
530,Mastic Beach,US,2022-02-10 20:37:05,40.7668,-72.8521,55.65,45,75,16.11
531,Cape Coast,GH,2022-02-10 20:37:05,5.1053,-1.2466,80.08,86,0,6.62
532,Te Anau,NZ,2022-02-10 20:34:23,-45.4167,167.7167,65.68,70,22,1.7
533,Hermosillo,MX,2022-02-10 20:34:21,29.0667,-110.9667,83.68,9,0,3.44
534,Lere,NG,2022-02-10 20:37:06,10.387,8.5726,69.4,11,0,6.22
535,Kudeyevskiy,RU,2022-02-10 20:37:06,54.8758,56.7567,20.43,93,100,13.09
536,Bere,TD,2022-02-10 20:37:07,9.3202,16.1552,77.97,11,97,6.06
537,Nokha,IN,2022-02-10 20:37:07,27.6,73.4167,61.45,33,0,4.47
538,George Town,MY,2022-02-10 20:37:07,5.4112,100.3354,78.89,92,20,1.14
539,Biharamulo,TZ,2022-02-10 20:37:08,-2.6319,31.3089,60.62,93,96,2.24
540,Nago,JP,2022-02-10 20:37:08,26.5881,127.9761,60.87,70,50,7.02
541,Maceio,BR,2022-02-10 20:37:09,-9.6658,-35.7353,85.44,61,0,16.11
542,Lompoc,US,2022-02-10 20:37:09,34.6391,-120.4579,86.22,22,0,6.91
543,Poum,NC,2022-02-10 20:37:09,-20.2333,164.0167,81.07,83,100,26.4
544,Rio Grande,BR,2022-02-10 20:37:10,-32.035,-52.0986,82.51,71,47,17.69
545,Lermontovka,RU,2022-02-10 20:37:10,47.1453,134.3383,1.15,99,100,1.43
546,Slave Lake,CA,2022-02-10 20:37:11,55.2834,-114.769,37.38,81,100,23.02
547,Cam Ranh,VN,2022-02-10 20:37:11,11.9214,109.1591,76.96,78,40,10.36
548,Kenai,US,2022-02-10 20:35:20,60.5544,-151.2583,27.03,74,0,18.41
549,Isangel,VU,2022-02-10 20:37:12,-19.55,169.2667,80.22,90,100,22.03
550,Uvat,RU,2022-02-10 20:37:12,59.1433,68.8953,-1.3,90,7,8.16
551,Phuket,TH,2022-02-10 20:37:12,8.0,98.25,87.1,78,20,8.05
552,Maniitsoq,GL,2022-02-10 20:37:13,65.4167,-52.9,16.34,89,100,8.99
553,Nemuro,JP,2022-02-10 20:37:13,43.3236,145.575,23.29,74,84,4.65
